{
  "accuracy": 0.5391849529780565,
  "f1_score": 0.5362703717156516,
  "feature_importance": {
    "Open": 0.08140957091860193,
    "High": 0.0812630002954245,
    "Low": 0.08351770765544836,
    "Close": 0.09373303120668136,
    "Volume": 0.07475090118849766,
    "Gold_Close": 0.08183389248428101,
    "MA_5": 0.10452646223225441,
    "MA_20": 0.14953631931306638,
    "ROC": 0.09954055180668121,
    "Price_Range": 0.07767707112450854,
    "Volume_Change": 0.07221149177455467
  },
  "trained_date": "2025-12-27 16:26:09",
  "model_type": "Random Forest",
  "n_estimators": 100,
  "training_samples": 4781
}